,GPA_NO,TOFEL,SATI,RankGroup,result
0,85,92,1800,3,1
1,85,92,1800,3,1
2,85,92,1800,2,-1
3,85,92,1800,3,1
4,85,92,1800,3,1
5,85,92,1800,3,1
6,85,92,1800,4,1
7,87,94,1990,2,-1
8,87,94,1990,2,-1
9,87,94,1990,2,-1
10,87,94,1990,2,-1
11,87,94,1990,2,-1
12,87,94,1990,2,-1
13,87,94,1990,3,1
14,87,94,1990,2,-1
15,86,103,1870,2,-1
16,86,103,1870,3,1
17,86,103,1870,2,1
18,86,103,1870,3,1
19,86,103,1870,3,1
20,87,91,1780,2,-1
21,87,91,1780,3,1
22,87,91,1780,3,1
23,87,91,1780,3,1
24,87,91,1780,3,1
25,87,109,2130,2,1
26,87,109,2130,2,-1
27,87,109,2130,2,-1
28,87,109,2130,2,-1
29,87,109,2130,2,1
30,87,109,2130,2,-1
31,87,109,2130,2,-1
32,88,103,2010,1,-1
33,88,103,2010,2,-1
34,88,103,2010,2,-1
35,88,103,2010,2,1
36,88,103,2010,2,1
37,88,103,2010,2,1
38,88,103,2010,2,1
39,88,103,2010,2,1
40,88,103,2010,2,1
41,88,103,2010,2,1
42,88,103,2010,2,1
43,88,103,2010,3,-1
44,86,100,1920,2,-1
45,86,100,1920,2,-1
46,86,100,1920,2,-1
47,86,100,1920,2,-1
48,86,100,1920,2,1
49,86,100,1920,2,1
50,86,100,1920,2,1
51,86,100,1920,3,-1
52,86,100,1920,3,1
53,86,100,1920,3,1
54,86,100,1920,2,-1
55,86,100,1920,3,1
56,84,104,1940,2,-1
57,84,104,1940,2,-1
58,84,104,1940,2,-1
59,84,104,1940,2,-1
60,84,104,1940,2,-1
61,84,104,1940,2,1
62,84,104,1940,2,-1
63,84,104,1940,2,-1
64,84,104,1940,2,-1
65,85,94,1910,2,-1
66,85,94,1910,2,-1
67,85,94,1910,2,-1
68,85,94,1910,2,-1
69,85,94,1910,3,1
70,85,94,1910,3,1
71,85,94,1910,3,1
72,85,94,1910,3,-1
73,85,94,1910,3,1
74,85,84,1800,3,1
75,85,84,1800,2,-1
76,85,84,1800,2,-1
77,85,84,1800,3,1
78,85,84,1800,2,1
79,86,94,1860,2,-1
80,86,94,1860,2,-1
81,86,94,1860,2,1
82,86,94,1860,3,1
83,86,94,1860,2,1
84,86,94,1860,2,1
85,86,94,1860,2,-1
86,86,94,1860,2,-1
87,86,94,1860,2,-1
88,88,90,1950,3,1
89,88,90,1950,2,-1
90,88,90,1950,2,-1
91,88,90,1950,2,1
92,88,90,1950,2,1
93,88,90,1950,2,1
94,88,90,1950,3,1
95,88,90,1950,2,-1
96,88,90,1950,2,-1
97,88,90,1950,2,-1
98,88,90,1950,3,1
99,88,90,1950,2,1
100,85,96,1850,2,-1
101,85,96,1850,2,1
102,85,96,1850,2,-1
103,85,96,1850,3,1
104,85,96,1850,1,-1
105,85,96,1850,3,-1
106,85,96,1850,3,1
107,85,96,1850,2,-1
108,85,96,1850,2,-1
109,85,96,1850,2,-1
110,85,96,1850,2,-1
111,86,103,1950,2,-1
112,86,103,1950,2,-1
113,86,103,1950,2,1
114,86,103,1950,2,-1
115,86,103,1950,2,1
116,86,103,1950,2,1
117,86,103,1950,3,1
118,86,103,1950,2,1
119,86,103,1950,3,1
120,86,103,1950,3,1
121,86,103,1950,3,1
122,86,103,1950,3,1
123,88,88,1710,2,-1
124,88,88,1710,2,-1
125,88,88,1710,2,1
126,88,88,1710,3,1
127,88,88,1710,4,1
128,88,88,1710,3,-1
129,88,88,1710,2,-1
130,88,88,1710,2,1
131,88,88,1710,3,-1
132,88,88,1710,2,-1
133,88,88,1710,3,-1
134,75,87,1630,3,1
135,75,87,1630,2,1
136,75,87,1630,3,-1
137,75,87,1630,3,-1
138,75,87,1630,2,-1
139,75,87,1630,2,-1
140,92.5,104,2040,2,1
141,92.5,104,2040,2,1
142,92.5,104,2040,3,1
143,92.5,104,2040,2,-1
144,92.5,104,2040,2,-1
145,92.5,104,2040,2,-1
146,92.5,104,2040,2,1
147,92.5,104,2040,2,-1
148,92.5,104,2040,2,1
149,92.5,104,2040,3,1
150,92.5,104,2040,2,-1
151,86,102,1600,3,-1
152,86,102,1600,3,1
153,86,102,1600,3,1
154,86,102,1600,3,-1
155,86,102,1600,3,1
156,86,102,1600,3,-1
157,85,89,1870,3,1
158,85,89,1870,3,1
159,85,89,1870,2,1
160,85,89,1870,3,1
161,85,89,1870,2,-1
162,85,89,1870,2,-1
163,85,89,1870,3,1
164,85,89,1870,3,1
165,85,89,1870,2,-1
166,86,89,1790,3,-1
167,86,89,1790,3,1
168,86,89,1790,3,1
169,86,89,1790,3,1
170,86,89,1790,3,1
171,86,89,1790,3,1
172,86,89,1790,3,1
173,86,89,1790,3,1
174,86,89,1790,3,1
175,87,88,1710,2,-1
176,87,88,1710,2,-1
177,87,88,1710,2,-1
178,87,88,1710,2,-1
179,87,88,1710,3,1
180,93,93,1910,2,-1
181,93,93,1910,3,1
182,93,93,1910,3,1
183,93,93,1910,3,1
184,93,93,1910,3,1
185,93,93,1910,3,1
186,92,93,1620,3,-1
187,92,93,1620,3,1
188,92,93,1620,3,1
189,92,93,1620,3,1
190,92,93,1620,3,1
191,92,93,1620,3,1
192,90,88,1800,2,-1
193,90,88,1800,3,1
194,90,88,1800,2,1
195,90,88,1800,3,1
196,90,88,1800,3,1
197,90,88,1800,4,1
198,89,103,1970,2,-1
199,89,103,1970,2,-1
200,89,103,1970,3,1
201,89,103,1970,2,1
202,89,103,1970,2,1
203,89,103,1970,3,1
204,89,103,1970,2,1
205,89,103,1970,3,1
206,89,103,1970,3,1
207,89,103,1970,2,1
208,89,92,1810,2,1
209,89,92,1810,2,-1
210,89,92,1810,2,-1
211,89,92,1810,2,1
212,89,92,1810,3,1
213,89,92,1810,3,-1
214,89,92,1810,3,1
215,90,93,1810,2,-1
216,90,93,1810,3,1
217,90,93,1810,2,-1
218,90,93,1810,2,1
219,90,93,1810,2,-1
220,90,93,1810,3,1
221,90,93,1810,2,-1
222,90,93,1810,2,1
223,87,92,1860,2,-1
224,87,92,1860,2,-1
225,87,92,1860,2,-1
226,87,92,1860,3,1
227,87,92,1860,3,1
228,87,92,1860,3,1
229,87,92,1680,3,1
230,88,90,1880,2,1
231,88,90,1880,2,-1
232,88,90,1880,2,1
233,88,90,1880,3,1
234,88,90,1880,3,1
235,88,90,1880,3,1
236,88,90,1880,3,1
237,88,90,1880,3,1
238,89,94,1740,2,-1
239,89,94,1740,2,-1
240,89,94,1740,2,-1
241,89,94,1740,2,1
242,89,94,1740,3,1
243,89,94,1740,3,1
244,89,94,1740,3,1
245,89,94,1740,2,1
246,89,94,1740,3,1
247,87,93,1750,2,-1
248,87,93,1750,2,1
249,87,93,1750,3,1
250,87,93,1750,3,1
251,87,93,1750,2,-1
252,87,93,1750,2,-1
253,87,93,1750,3,-1
254,87,93,1750,3,1
255,87,93,1750,3,1
256,87,93,1750,3,1
257,85,78,1600,3,1
258,85,78,1600,3,1
259,85,78,1600,4,1
260,85,78,1600,3,-1
261,85,78,1600,4,1
262,88,86,1740,3,1
263,88,86,1740,3,1
264,88,86,1740,3,1
265,88,86,1740,3,1
266,88,86,1740,3,1
267,88,86,1740,4,1
268,88,86,1740,2,-1
269,78.5,84,1650,3,-1
270,78.5,84,1650,3,-1
271,78.5,84,1650,4,1
272,89,87,1890,2,-1
273,89,87,1890,2,-1
274,89,87,1890,2,1
275,89,87,1890,2,1
276,89,87,1890,2,-1
277,89,87,1890,3,1
278,89,87,1890,3,1
279,93,106,2190,2,-1
280,93,106,2190,3,1
281,93,106,2190,2,-1
282,93,106,2190,2,-1
283,93,106,2190,2,1
284,93,106,2190,2,-1
285,93,106,2190,2,-1
286,93,106,2190,2,1
287,93,106,2190,2,1
288,93,106,2190,3,1
289,93,106,2190,2,-1
290,93,106,2190,2,1
291,93,106,2190,2,1
292,93,106,2190,2,1
293,93,106,2190,2,1
294,93,106,2190,3,1
295,89,82,1650,2,-1
296,89,82,1650,2,-1
297,89,82,1650,3,-1
298,89,82,1650,3,1
299,89,82,1650,3,1
300,89,82,1650,2,1
301,89.2,80,1520,2,1
302,89.2,80,1520,3,-1
303,89.2,80,1520,3,1
304,89.2,80,1520,3,1
305,89.2,80,1520,4,1
306,89.2,80,1520,3,1
307,92,105,2010,2,-1
308,92,105,2010,2,-1
309,92,105,2010,2,-1
310,92,105,2010,2,-1
311,92,105,2010,2,-1
312,92,105,2010,2,-1
313,92,105,2010,2,1
314,93,104,2170,2,-1
315,93,104,2170,2,-1
316,93,104,2170,2,-1
317,93,104,2170,2,-1
318,93,104,2170,2,1
319,93,104,2170,2,1
320,93,104,2170,2,-1
321,93,104,2170,3,1
322,93,104,2170,2,1
323,93,104,2170,2,1
324,93,104,2170,2,-1
325,90,105,1950,2,-1
326,90,105,1950,2,1
327,90,105,1950,2,1
328,90,105,1950,2,1
329,90,105,1950,3,1
330,90,105,1950,2,-1
331,90,105,1950,2,-1
332,90,105,1950,2,1
333,90,105,1950,3,-1
334,90,105,1950,3,1
335,88,81,1750,2,-1
336,88,81,1750,2,-1
337,88,81,1750,3,-1
338,92,101,1900,2,-1
339,92,101,1900,2,-1
340,92,101,1900,2,-1
341,92,101,1900,2,-1
342,92,101,1900,2,-1
343,92,101,1900,2,-1
344,92,101,1900,2,1
345,92,101,1900,2,1
346,92,101,1900,3,1
347,92,101,1900,3,1
348,93,106,1910,2,-1
349,93,106,1910,2,-1
350,93,106,1910,2,-1
351,93,106,1910,2,1
352,93,106,1910,2,1
353,93,106,1910,2,1
354,93,106,1910,2,1
355,93,106,1910,2,1
356,93,106,1910,3,1
357,92,92,1810,2,-1
358,92,92,1810,2,-1
359,92,92,1810,2,-1
360,92,92,1810,2,-1
361,92,92,1810,2,1
362,92,92,1810,3,1
363,92,92,1810,3,1
364,92,92,1810,4,1
365,92,92,1810,3,-1
366,92,92,1810,2,-1
367,91,88,1860,3,1
368,91,88,1860,3,1
369,91,88,1860,3,1
370,91,88,1860,3,1
371,96,117,2310,2,1
372,96,117,2310,2,1
373,96,117,2310,2,1
374,89,109,2130,2,-1
375,89,109,2130,2,1
376,89,109,2130,3,1
377,89,109,2130,3,1
378,89,109,2130,2,-1
379,89,109,2130,2,-1
380,89,109,2130,2,-1
381,89,109,2130,2,-1
382,89,109,2130,2,1
383,89,109,2130,1,-1
384,88,89,1870,3,1
385,92,95,1860,2,-1
386,92,95,1860,2,1
387,92,95,1860,2,1
388,92,95,1860,3,-1
389,92,95,1860,3,1
390,92,95,1860,3,-1
391,92,95,1860,2,-1
392,93.8,80,1570,3,1
393,93.8,80,1570,3,1
394,93.8,80,1570,3,-1
395,93.8,80,1570,3,1
396,93.8,80,1570,4,1
397,93.8,80,1570,3,-1
398,93.8,80,1570,4,1
399,92,64,1570,3,-1
400,92,64,1570,3,-1
401,92,64,1570,3,-1
402,92,64,1570,3,-1
403,92,64,1570,3,1
404,92,64,1570,3,1
405,92,64,1570,4,1
406,88,95,2020,2,-1
407,88,95,2020,2,-1
408,88,95,2020,2,1
409,88,95,2020,2,-1
410,88,95,2020,2,-1
411,88,95,2020,2,-1
412,88,95,2020,3,1
413,88,95,2020,3,1
414,95,98,2000,3,1
415,95,98,2000,2,1
416,95,98,2000,2,1
417,95,98,2000,2,1
418,95,98,2000,2,1
419,95,98,2000,3,1
420,95,98,2000,3,1
421,95,98,2000,2,-1
422,95,98,2000,2,-1
423,95,98,2000,2,-1
424,92,100,2090,2,1
425,92,100,2090,2,1
426,92,100,2090,2,-1
427,92,100,2090,2,1
428,92,100,2090,2,-1
429,92,100,2090,2,-1
430,86,105,2010,2,-1
431,86,105,2010,2,-1
432,86,105,2010,3,1
433,86,105,2010,3,1
434,86,105,2010,2,1
435,85,101,1880,2,-1
436,85,101,1880,2,-1
437,85,101,1880,2,-1
438,85,101,1880,2,-1
439,85,101,1880,3,1
440,85,101,1880,3,-1
441,85,101,1880,3,1
442,92,85,1830,2,-1
443,92,85,1830,2,1
444,92,85,1830,2,-1
445,92,85,1830,2,-1
446,92,85,1830,2,-1
447,92,85,1830,3,1
448,92,85,1830,3,1
449,92,85,1830,3,1
450,92,85,1830,3,1
451,92,85,1830,4,1
452,93,96,1850,2,-1
453,93,96,1850,2,-1
454,93,96,1850,2,1
455,93,96,1850,2,-1
456,93,96,1850,3,1
457,93,96,1850,3,1
458,93,96,1850,3,1
459,90,99,1870,3,1
460,90,99,1870,3,1
461,90,99,1870,2,1
462,90,99,1870,2,1
463,90,99,1870,3,1
464,90,99,1870,3,1
465,90,99,1870,3,1
466,98,91,1720,3,-1
467,98,91,1720,3,-1
468,98,91,1720,3,1
469,98,91,1720,3,1
470,98,91,1720,3,1
471,98,91,1720,3,-1
472,98,91,1720,3,-1
473,74.5,86,1840,2,-1
474,74.5,86,1840,2,-1
475,74.5,86,1840,2,1
476,74.5,86,1840,3,1
477,74.5,86,1840,3,1
478,92,86,1780,2,-1
479,92,86,1780,3,-1
480,92,86,1780,3,1
481,92,86,1780,3,1
482,92,86,1780,3,1
483,92,86,1780,3,1
484,92,86,1780,3,1
485,92.5,94,1720,3,-1
486,92.5,94,1720,3,1
487,92.5,94,1720,3,1
488,92.5,94,1720,3,1
489,92.5,94,1720,3,-1
490,92.5,94,1720,4,-1
491,92.5,94,1720,3,1
492,96.75,97,1760,3,-1
493,96.75,97,1760,3,-1
494,96.75,97,1760,3,-1
495,96.75,97,1760,3,-1
496,96.75,97,1760,3,1
497,96.75,97,1760,3,1
498,100,101,2090,2,-1
499,100,101,2090,2,1
500,100,101,2090,2,1
501,100,101,2090,2,-1
502,100,101,2090,2,1
503,100,101,2090,2,1
504,100,101,2090,3,1
505,100,101,2090,3,1
506,90,99,1810,2,1
507,93,95,1930,2,1
508,88,101,1660,2,-1
509,88,101,1660,2,1
510,88,101,1660,2,1
511,88,101,1660,3,1
512,88,101,1660,3,-1
513,88,101,1660,3,1
514,88,101,1660,3,1
515,88,101,1660,2,1
516,85,90,1850,2,1
517,85,90,1850,2,1
518,85,90,1850,2,-1
519,85,90,1850,3,1
520,88,94,1710,2,-1
521,88,94,1710,3,-1
522,88,94,1710,3,1
523,88,94,1710,3,1
524,88,94,1710,3,1
525,88,94,1710,3,1
526,88,94,1710,4,1
527,88,77,1680,4,1
528,88,77,1680,3,1
529,88,77,1680,3,1
530,88,77,1680,2,1
531,75,103,1930,2,-1
532,75,103,1930,3,1
533,75,103,1930,2,-1
534,75,103,1930,2,-1
535,75,103,1930,2,1
536,75,103,1930,3,1
537,75,103,1930,3,1
538,75,103,1930,3,-1
539,90,93,1770,3,1
540,90,93,1770,3,1
541,90,93,1770,3,1
542,90,93,1770,3,1
543,90,93,1770,2,1
544,90,93,1770,2,1
545,90,93,1770,3,1
546,90,93,1770,2,1
547,90,96,1710,2,-1
548,90,96,1710,4,1
549,90,96,1710,3,-1
550,90,96,1710,2,1
551,90,96,1710,2,1
552,85,76,1500,4,1
553,85,57,1390,3,-1
554,85,57,1390,4,-1
555,88,94,1800,3,1
556,88,94,1800,3,1
557,88,94,1800,2,-1
558,88,94,1800,2,-1
559,88,94,1800,3,-1
560,88,94,1800,2,1
561,88,94,1800,3,-1
562,88,94,1800,2,-1
563,87,94,1690,3,1
564,87,94,1690,3,1
565,87,94,1690,2,-1
566,87,94,1690,2,-1
567,87,94,1690,2,-1
568,87,94,1690,3,1
569,87,94,1690,2,-1
570,85,66,1460,3,1
571,85,66,1460,3,1
572,97.5,97,1790,2,-1
573,97.5,97,1790,2,-1
574,97.5,97,1790,2,1
575,97.5,97,1790,2,1
576,97.5,97,1790,3,1
577,87,102,1880,2,-1
578,87,102,1880,3,1
579,87,102,1880,3,1
580,87,102,1880,3,1
581,87,102,1880,3,1
582,87,102,1880,2,1
583,87,102,1880,3,1
584,87,102,1880,2,1
585,88,99,1780,2,-1
586,88,99,1780,2,-1
587,88,99,1780,2,-1
588,88,99,1780,2,1
589,88,99,1780,2,-1
590,88,99,1780,3,1
591,88,99,1780,3,1
592,88,99,1780,3,1
593,88,103,1800,3,1
594,88,103,1800,2,-1
595,88,103,1800,3,1
596,88,103,1800,2,1
597,88,103,1800,3,1
598,88,103,1800,2,-1
599,88,103,1800,2,-1
600,88,103,1800,2,-1
601,87,90,1910,2,-1
602,87,90,1910,2,-1
603,87,90,1910,2,-1
604,87,90,1910,2,1
605,87,90,1910,3,1
606,87,90,1910,2,1
607,88,91,1520,2,-1
608,88,91,1520,2,-1
609,88,91,1520,3,-1
610,88,91,1520,3,-1
611,88,91,1520,3,1
612,88,91,1520,3,1
613,88,91,1520,3,1
614,88,91,1520,3,1
615,90,83,1660,2,1
616,90,83,1660,3,-1
617,90,83,1660,2,-1
618,91,82,1510,3,1
619,91,82,1510,3,1
620,91,82,1510,4,-1
621,91,82,1510,3,1
622,91,82,1510,3,1
623,92,95,1950,2,-1
624,92,95,1950,3,1
625,92,95,1950,3,1
626,90,91,1830,2,-1
627,90,91,1830,2,-1
628,90,91,1830,2,1
629,90,91,1830,2,1
630,90,91,1830,2,-1
631,90,91,1830,2,-1
632,87,87,1670,4,1
633,97.5,73,1620,4,1
634,97.5,73,1620,4,1
635,97.5,73,1620,3,-1
636,91,84,1450,2,1
637,91,84,1450,3,-1
638,91,84,1450,3,1
639,91,84,1450,3,1
640,86,100,1940,3,1
641,86,100,1940,2,1
642,86,100,1940,2,-1
643,86,100,1940,2,-1
644,86,100,1940,2,-1
645,86,100,1940,2,1
646,86,100,1940,3,1
647,88,96,1860,2,1
648,88,96,1860,3,1
649,88,96,1860,3,1
650,88,96,1860,3,1
651,88,96,1860,2,-1
652,88,96,1860,2,-1
653,88,96,1860,3,1
654,90,92,1920,2,-1
655,90,92,1920,2,-1
656,90,92,1920,2,1
657,90,92,1920,2,-1
658,90,92,1920,2,1
659,90,92,1920,2,-1
660,90,92,1920,3,1
661,83,82,1730,3,1
662,83,82,1730,3,-1
663,83,82,1730,3,-1
664,83,82,1730,4,1
665,83,82,1730,3,-1
666,83,82,1730,4,1
667,89,99,1860,4,1
668,89,99,1860,3,1
669,89,99,1860,3,1
670,89,99,1860,3,1
671,89,99,1860,4,1
672,89,99,1860,2,-1
673,89,99,1860,2,-1
674,89,99,1860,2,1
675,89,99,1860,3,1
676,93,98,1930,2,-1
677,93,98,1930,2,-1
678,93,98,1930,2,-1
679,93,98,1930,2,1
680,93,98,1930,2,-1
681,93,98,1930,2,-1
682,93,98,1930,2,-1
683,93,98,1930,2,-1
684,93,94,2040,3,1
685,93,94,2040,2,-1
686,93,94,2040,3,1
687,93,94,2040,3,-1
688,93,94,2040,2,1
689,93,94,2040,2,-1
690,93,94,2040,3,1
691,93,94,2040,2,-1
692,93,94,2040,3,1
693,93,94,2040,2,-1
694,90,85,1520,3,1
695,90,85,1520,3,1
696,87,102,1920,2,1
697,93,104,2070,2,1
698,94,99,2080,2,-1
699,89,101,1970,2,-1
700,92,103,2050,2,1
701,95,105,1900,2,-1
702,91,79,1620,3,1
703,89,108,2110,2,-1
704,95,92,1780,2,1
705,92,104,1820,2,-1
706,90,90,1810,2,-1
707,90,105,1910,2,-1
708,86,84,1800,2,-1
709,82,83,1690,2,-1
710,84,86,1640,3,1
711,84,86,1640,3,1
712,84,86,1640,3,1
713,84,86,1640,3,1
714,84,86,1640,3,1
715,84,86,1640,3,1
716,84,86,1640,3,1
717,84,86,1640,3,-1
718,86,87,1680,3,-1
719,86,87,1680,3,1
720,86,87,1680,3,1
721,86,87,1680,3,1
722,86,87,1680,3,1
723,86,87,1680,3,1
724,86,87,1680,4,1
725,84,86,1670,2,-1
726,84,86,1670,3,-1
727,84,86,1670,3,1
728,84,86,1670,3,1
729,84,86,1670,3,1
730,84,86,1670,3,-1
731,84,86,1670,3,-1
732,84,86,1670,2,-1
733,86,94,1680,2,-1
734,86,94,1680,3,-1
735,86,94,1680,3,1
736,86,94,1680,3,1
737,86,94,1680,3,1
738,86,94,1680,3,1
739,86,94,1680,3,1
740,86,94,1680,4,1
741,86,94,1680,3,1
742,86,94,1680,3,1
743,86,94,1680,3,-1
744,88,83,1860,3,-1
745,88,83,1860,3,1
746,88,83,1860,3,1
747,88,83,1860,3,1
748,88,83,1860,2,-1
749,88,83,1860,3,1
750,88,83,1860,4,1
751,88,83,1860,3,1
752,85,91,1710,3,-1
753,85,91,1710,3,-1
754,85,91,1710,3,1
755,85,91,1710,3,1
756,85,91,1710,3,1
757,85,91,1710,3,1
758,85,91,1710,3,1
759,100,101,1980,2,-1
760,100,101,1980,2,-1
761,100,101,1980,2,-1
762,100,101,1980,2,1
763,100,101,1980,2,-1
764,100,101,1980,2,-1
765,100,101,1980,3,1
766,100,101,1980,3,1
767,100,101,1980,2,-1
768,85,100,2060,2,-1
769,85,100,2060,2,-1
770,85,100,2060,2,1
771,85,100,2060,2,1
772,85,100,2060,2,1
773,85,100,2060,2,1
774,85,100,2060,2,1
775,85,100,2060,3,-1
776,85,100,2060,3,1
777,85,100,2060,2,-1
778,85,100,2060,2,-1
779,85,100,2060,2,1
780,85,98,1840,2,-1
781,85,98,1840,2,-1
782,85,98,1840,2,-1
783,85,98,1840,2,-1
784,85,98,1840,2,-1
785,85,98,1840,2,1
786,85,98,1840,3,1
787,85,98,1840,3,1
788,85,98,1840,3,1
789,83,87,1750,3,-1
790,83,87,1750,2,-1
791,83,87,1750,2,-1
792,83,87,1750,2,-1
793,83,87,1750,2,-1
794,83,87,1750,4,1
795,83,87,1750,3,1
796,83,87,1750,3,1
797,83,87,1750,2,-1
798,85,101,2120,2,-1
799,85,101,2120,2,-1
800,85,101,2120,2,-1
801,85,101,2120,2,1
802,85,101,2120,2,-1
803,85,101,2120,2,-1
804,85,101,2120,2,-1
805,85,101,2120,2,1
806,85,101,2120,2,1
807,85,101,2120,2,-1
808,85,101,2120,2,-1
809,82,98,1950,2,-1
810,82,98,1950,3,-1
811,82,98,1950,3,1
812,82,98,1950,2,1
813,82,98,1950,3,1
814,82,98,1950,2,-1
815,82,98,1950,2,-1
816,82,98,1950,2,-1
817,82,98,1950,2,-1
818,82,98,1950,2,-1
819,82,98,1950,2,-1
820,82,98,1950,2,-1
821,85,90,1730,3,-1
822,85,90,1730,3,-1
823,85,90,1730,2,-1
824,85,90,1730,2,1
825,85,90,1730,3,1
826,85,90,1730,3,-1
827,85,90,1730,3,1
828,85,90,1730,3,-1
829,85,98,1960,2,1
830,85,98,1960,2,-1
831,85,98,1960,2,-1
832,85,98,1960,2,-1
833,85,98,1960,2,-1
834,85,98,1960,2,-1
835,85,98,1960,2,1
836,85,98,1960,2,1
837,85,98,1960,2,1
838,85,98,1960,3,1
839,85,98,1960,2,-1
840,85,98,1960,3,1
841,85,90,1620,2,-1
842,85,90,1620,2,-1
843,85,90,1620,3,1
844,85,90,1620,3,1
845,85,90,1620,3,-1
846,85,90,1620,3,-1
847,85,90,1620,3,1
848,85,90,1620,3,1
849,85,90,1620,2,-1
850,85,90,1620,3,1
851,85,90,1620,3,1
852,83,101,2010,2,-1
853,83,101,2010,2,1
854,83,101,2010,3,1
855,83,101,2010,3,-1
856,83,101,2010,2,-1
857,83,101,2010,2,-1
858,83,101,2010,2,-1
859,83,101,2010,2,-1
860,83,101,2010,2,-1
861,83,101,2010,3,1
862,89,99,1790,2,-1
863,89,99,1790,2,-1
864,89,99,1790,3,1
865,89,99,1790,3,-1
866,89,99,1790,2,1
867,89,99,1790,3,1
868,89,99,1790,3,-1
869,89,99,1790,3,1
870,89,99,1790,2,-1
871,89,99,1790,2,-1
872,89,99,1790,2,-1
873,89,99,1790,2,-1
874,89,99,1790,2,-1
875,90,88,1700,3,1
876,90,88,1700,3,1
877,90,88,1700,2,-1
878,90,88,1700,3,1
879,90,88,1700,3,1
880,90,88,1700,3,1
881,90,88,1700,3,1
882,85,75,1570,3,1
883,85,75,1570,3,1
884,85,75,1570,3,-1
885,85,75,1570,3,-1
886,85,75,1570,3,-1
887,85,75,1570,3,-1
888,85,75,1570,3,-1
889,90,89,1730,2,-1
890,90,89,1730,2,-1
891,90,89,1730,2,-1
892,90,89,1730,2,-1
893,90,89,1730,2,-1
894,90,89,1730,2,1
895,90,89,1730,3,1
896,90,89,1730,3,1
897,90,89,1730,3,1
898,90,89,1730,3,1
899,90,89,1730,3,1
900,90,89,1730,3,1
901,90,89,1730,2,-1
902,90,89,1730,3,-1
903,85,89,1720,3,1
904,85,89,1720,3,1
905,85,89,1720,3,1
906,85,89,1720,3,1
907,85,89,1720,3,1
908,85,89,1720,2,-1
909,85,89,1720,2,-1
910,85,89,1720,3,-1
911,85,89,1720,2,-1
912,85,89,1720,2,-1
913,85,89,1720,3,-1
914,90,90,1750,2,-1
915,90,90,1750,2,-1
916,90,90,1750,2,1
917,90,90,1750,2,1
918,90,90,1750,3,1
919,90,90,1750,3,1
920,90,90,1750,3,1
921,90,90,1750,3,1
922,90,90,1750,3,-1
923,90,90,1750,2,-1
924,85,97,1830,2,-1
925,85,97,1830,2,-1
926,85,97,1830,3,1
927,85,97,1830,3,1
928,85,97,1830,2,-1
929,85,97,1830,2,-1
930,85,97,1830,3,-1
931,85,97,1830,3,-1
932,85,97,1830,2,-1
933,80,94,1900,2,1
934,80,94,1900,3,1
935,80,94,1900,3,-1
936,80,94,1900,2,-1
937,80,94,1900,2,-1
938,80,94,1900,2,-1
939,80,94,1900,2,-1
940,80,94,1900,2,-1
941,80,94,1900,2,-1
942,80,94,1900,2,-1
943,80,94,1900,2,-1
944,80,94,1900,2,-1
945,85,87,1850,2,-1
946,85,87,1850,2,-1
947,85,87,1850,2,1
948,85,87,1850,3,1
949,85,87,1850,2,-1
950,85,81,1740,2,-1
951,85,81,1740,3,1
952,85,81,1740,2,1
953,85,81,1740,3,1
954,85,81,1740,3,1
955,85,81,1740,3,1
956,85,81,1740,3,1
957,85,81,1740,3,1
958,85,81,1740,3,1
959,85,81,1740,2,-1
960,85,81,1740,2,-1
961,85,81,1740,3,-1
962,85,81,1740,2,-1
963,85,81,1740,3,-1
964,85,81,1740,3,-1
965,85,109,2140,2,1
966,85,109,2140,2,1
967,85,109,2140,3,1
968,85,109,2140,3,1
969,85,109,2140,2,-1
970,85,109,2140,2,-1
971,85,109,2140,3,1
972,85,109,2140,2,-1
973,85,109,2140,2,-1
974,85,109,2140,2,-1
975,85,101,2040,2,-1
976,85,101,2040,2,-1
977,85,101,2040,2,1
978,85,101,2040,2,1
979,85,101,2040,2,1
980,85,101,2040,2,1
981,85,101,2040,2,1
982,85,101,2040,2,1
983,85,101,2040,1,-1
984,85,101,2040,2,-1
985,85,101,2040,1,-1
986,85,101,2040,2,-1
987,85,95,1650,2,-1
988,85,95,1650,2,-1
989,85,95,1650,2,-1
990,85,95,1650,3,-1
991,85,95,1650,3,1
992,85,95,1650,3,1
993,85,95,1650,3,1
994,85,95,1650,2,-1
995,85,95,1650,3,-1
996,85,95,1650,3,-1
997,85,91,1840,2,-1
998,85,91,1840,2,-1
999,85,91,1840,2,-1
1000,85,91,1840,2,-1
1001,85,91,1840,2,1
1002,85,91,1840,3,1
1003,85,91,1840,3,1
1004,85,91,1840,3,1
1005,85,91,1840,3,1
1006,85,91,1840,3,1
1007,85,91,1840,3,-1
1008,85,91,1840,2,-1
1009,85,91,1840,3,-1
1010,85,91,1840,2,-1
1011,85,91,1840,2,1
1012,85,91,1840,3,1
1013,85,91,1840,3,1
1014,85,100,1990,3,1
1015,85,100,1990,3,1
1016,85,100,1990,2,-1
1017,85,100,1990,2,-1
1018,85,100,1990,2,-1
1019,85,100,1990,2,-1
1020,85,100,1990,3,-1
1021,85,100,1990,2,-1
1022,85,100,1990,2,-1
1023,85,100,1990,2,-1
1024,85,100,1990,2,-1
1025,85,102,1960,2,-1
1026,85,102,1960,2,1
1027,85,102,1960,3,1
1028,85,102,1960,2,1
1029,85,102,1960,2,1
1030,85,102,1960,3,1
1031,85,102,1960,2,-1
1032,85,102,1960,2,-1
1033,85,102,1960,2,-1
1034,85,102,1960,2,1
1035,85,102,1960,2,-1
1036,85,102,1960,2,1
1037,85,75,1570,3,1
1038,85,75,1570,3,1
1039,85,75,1570,3,-1
1040,85,75,1570,3,-1
1041,85,75,1570,3,-1
1042,85,75,1570,3,-1
1043,85,75,1570,3,-1
1044,90,89,1730,2,-1
1045,90,89,1730,2,-1
1046,90,89,1730,2,-1
1047,90,89,1730,2,-1
1048,90,89,1730,2,-1
1049,90,89,1730,2,1
1050,90,89,1730,3,1
1051,90,89,1730,3,1
1052,90,89,1730,3,1
1053,90,89,1730,3,1
1054,90,89,1730,3,1
1055,90,89,1730,3,1
1056,90,89,1730,2,-1
1057,90,89,1730,3,-1
1058,85,89,1720,3,1
1059,85,89,1720,3,1
1060,85,89,1720,3,1
1061,85,89,1720,3,1
1062,85,89,1720,3,1
1063,85,89,1720,2,-1
1064,85,89,1720,2,-1
1065,85,89,1720,3,-1
1066,85,89,1720,2,-1
1067,85,89,1720,2,-1
1068,85,89,1720,3,-1
1069,90,90,1750,2,-1
1070,90,90,1750,2,-1
1071,90,90,1750,2,1
1072,90,90,1750,2,1
1073,90,90,1750,3,1
1074,90,90,1750,3,1
1075,90,90,1750,3,1
1076,90,90,1750,3,1
1077,90,90,1750,3,-1
1078,90,90,1750,2,-1
1079,85,97,1830,2,-1
1080,85,97,1830,2,-1
1081,85,97,1830,3,1
1082,85,97,1830,3,1
1083,85,97,1830,2,-1
1084,85,97,1830,2,-1
1085,85,97,1830,3,-1
1086,85,97,1830,3,-1
1087,85,97,1830,2,-1
1088,80,94,1900,2,1
1089,80,94,1900,3,1
1090,80,94,1900,3,-1
1091,80,94,1900,2,-1
1092,80,94,1900,2,-1
1093,80,94,1900,2,-1
1094,80,94,1900,2,-1
1095,80,94,1900,2,-1
1096,80,94,1900,2,-1
1097,80,94,1900,2,-1
1098,80,94,1900,2,-1
1099,80,94,1900,2,-1
1100,85,87,1850,2,-1
1101,85,87,1850,2,-1
1102,85,87,1850,2,1
1103,85,87,1850,3,1
1104,85,87,1850,2,-1
1105,85,81,1740,2,-1
1106,85,81,1740,3,1
1107,85,81,1740,2,1
1108,85,81,1740,3,1
1109,85,81,1740,3,1
1110,85,81,1740,3,1
1111,85,81,1740,3,1
1112,85,81,1740,3,1
1113,85,81,1740,3,1
1114,85,81,1740,2,-1
1115,85,81,1740,2,-1
1116,85,81,1740,3,-1
1117,85,81,1740,2,-1
1118,85,81,1740,3,-1
1119,85,81,1740,3,-1
1120,85,109,2140,2,1
1121,85,109,2140,2,1
1122,85,109,2140,3,1
1123,85,109,2140,3,1
1124,85,109,2140,2,-1
1125,85,109,2140,2,-1
1126,85,109,2140,3,1
1127,85,109,2140,2,-1
1128,85,109,2140,2,-1
1129,85,109,2140,2,-1
1130,85,101,2040,2,-1
1131,85,101,2040,2,-1
1132,85,101,2040,2,1
1133,85,101,2040,2,1
1134,85,101,2040,2,1
1135,85,101,2040,2,1
1136,85,101,2040,2,1
1137,85,101,2040,2,1
1138,85,101,2040,1,-1
1139,85,101,2040,2,-1
1140,85,101,2040,1,-1
1141,85,101,2040,2,-1
1142,85,95,1650,2,-1
1143,85,95,1650,2,-1
1144,85,95,1650,2,-1
1145,85,95,1650,3,-1
1146,85,95,1650,3,1
1147,85,95,1650,3,1
1148,85,95,1650,3,1
1149,85,95,1650,2,-1
1150,85,95,1650,3,-1
1151,85,95,1650,3,-1
1152,85,91,1840,2,-1
1153,85,91,1840,2,-1
1154,85,91,1840,2,-1
1155,85,91,1840,2,-1
1156,85,91,1840,2,1
1157,85,91,1840,3,1
1158,85,91,1840,3,1
1159,85,91,1840,3,1
1160,85,91,1840,3,1
1161,85,91,1840,3,1
1162,85,91,1840,3,-1
1163,85,91,1840,2,-1
1164,85,91,1840,3,-1
1165,85,91,1840,2,-1
1166,85,91,1840,2,1
1167,85,91,1840,3,1
1168,85,91,1840,3,1
1169,85,100,1990,3,1
1170,85,100,1990,3,1
1171,85,100,1990,2,-1
1172,85,100,1990,2,-1
1173,85,100,1990,2,-1
1174,85,100,1990,2,-1
1175,85,100,1990,3,-1
1176,85,100,1990,2,-1
1177,85,100,1990,2,-1
1178,85,100,1990,2,-1
1179,85,100,1990,2,-1
1180,85,102,1960,2,-1
1181,85,102,1960,2,1
1182,85,102,1960,3,1
1183,85,102,1960,2,1
1184,85,102,1960,2,1
1185,85,102,1960,3,1
1186,85,102,1960,2,-1
1187,85,102,1960,2,-1
1188,85,102,1960,2,-1
1189,85,102,1960,2,1
1190,85,102,1960,2,-1
1191,85,102,1960,2,1
1192,87,98,1810,2,-1
1193,87,98,1810,3,1
1194,87,98,1810,2,1
1195,87,98,1810,2,1
1196,87,98,1810,2,-1
1197,87,98,1810,2,1
1198,87,98,1810,2,1
1199,87,98,1810,3,1
1200,87,98,1810,2,-1
1201,87,98,1810,3,1
1202,87,98,1810,3,1
1203,82,84,1670,3,-1
1204,82,84,1670,3,-1
1205,82,84,1670,3,1
1206,82,84,1670,2,-1
1207,89,98,1850,2,-1
1208,89,98,1850,2,1
1209,89,98,1850,2,1
1210,89,98,1850,3,1
1211,89,98,1850,3,1
1212,89,98,1850,3,1
1213,89,98,1850,3,1
1214,89,98,1850,3,1
1215,89,98,1850,2,1
1216,92,108,1900,3,1
1217,92,108,1900,2,-1
1218,92,108,1900,2,-1
1219,92,108,1900,2,-1
1220,92,108,1900,2,-1
1221,92,108,1900,2,-1
1222,92,108,1900,2,1
1223,92,108,1900,2,1
1224,92,108,1900,2,1
1225,92,108,1900,2,1
1226,90,101,1800,2,1
1227,90,101,1800,3,1
1228,90,101,1800,3,1
1229,90,101,1800,2,-1
1230,90,101,1800,2,-1
1231,90,101,1800,2,-1
1232,90,101,1800,2,1
1233,90,101,1800,2,-1
1234,90,101,1800,2,1
1235,90,101,1800,2,-1
1236,90,101,1800,3,1
1237,84,82,1730,2,-1
1238,84,82,1730,3,-1
1239,84,82,1730,3,1
1240,84,82,1730,3,-1
1241,84,82,1730,3,1
1242,84,82,1730,3,-1
1243,84,82,1730,3,-1
1244,87,97,1980,2,-1
1245,87,97,1980,2,-1
1246,87,97,1980,2,-1
1247,87,97,1980,2,-1
1248,87,97,1980,2,-1
1249,87,97,1980,2,-1
1250,87,97,1980,3,1
1251,87,97,1980,2,1
1252,87,97,1980,2,1
1253,87,97,1980,3,1
1254,87,97,1980,2,-1
1255,87,97,1980,3,1
1256,87,97,1980,3,1
1257,87,97,1980,2,-1
1258,87,97,1980,3,1
1259,85,99,1950,2,1
1260,85,99,1950,3,1
1261,85,99,1950,2,1
1262,85,99,1950,2,1
1263,85,99,1950,2,1
1264,85,99,1950,3,1
1265,85,99,1950,2,-1
1266,85,99,1950,2,1
1267,85,99,1950,2,1
1268,85,99,1950,3,-1
1269,85,99,1950,2,-1
1270,85,99,1950,2,-1
1271,85,99,1950,3,-1
1272,85,99,1950,3,1
1273,85,99,1950,3,1
1274,85,99,1950,3,1
1275,85,99,1950,3,1
1276,85,99,1950,2,-1
1277,86,94,2080,3,1
1278,86,94,2080,2,1
1279,86,94,2080,2,-1
1280,86,94,2080,2,-1
1281,86,94,2080,2,1
1282,86,94,2080,2,1
1283,86,94,2080,2,1
1284,86,94,2080,2,-1
1285,86,94,2080,2,1
1286,86,94,2080,2,-1
1287,86,94,2080,2,-1
1288,86,94,2080,3,1
1289,86,94,2080,2,-1
1290,94.25,82,1840,2,-1
1291,94.25,82,1840,2,-1
1292,94.25,82,1840,2,-1
1293,94.25,82,1840,2,1
1294,94.25,82,1840,3,1
1295,94.25,82,1840,2,-1
1296,94.25,82,1840,2,-1
1297,94.25,82,1840,3,1
1298,94.25,82,1840,3,-1
1299,94.25,82,1840,2,-1
1300,94.25,82,1840,2,-1
1301,94.25,82,1840,2,-1
1302,96.5,90,1840,2,-1
1303,96.5,90,1840,2,-1
1304,96.5,90,1840,2,-1
1305,96.5,90,1840,2,-1
1306,96.5,90,1840,2,-1
1307,96.5,90,1840,2,-1
1308,96.5,90,1840,2,-1
1309,96.5,90,1840,3,1
1310,96.5,90,1840,2,-1
1311,96.5,90,1840,3,1
1312,96.5,90,1840,3,-1
1313,96.5,90,1840,3,-1
1314,96.5,90,1840,3,1
1315,96.5,90,1840,3,-1
1316,85,98,1970,2,-1
1317,85,98,1970,2,-1
1318,85,98,1970,2,-1
1319,85,98,1970,2,1
1320,85,98,1970,2,-1
1321,85,98,1970,3,1
1322,85,98,1970,2,1
1323,85,98,1970,2,-1
1324,85,98,1970,3,1
1325,85,98,1970,3,1
1326,85,98,1970,3,1
1327,85,98,1970,2,1
1328,90,102,1930,2,-1
1329,90,102,1930,2,-1
1330,90,102,1930,2,-1
1331,90,102,1930,2,-1
1332,90,102,1930,2,1
1333,90,102,1930,2,1
1334,90,102,1930,3,1
1335,90,102,1930,3,-1
1336,90,102,1930,2,-1
1337,90,102,1930,3,1
1338,90,102,1930,3,1
1339,85,98,1790,2,-1
1340,85,98,1790,2,-1
1341,85,98,1790,2,-1
1342,85,98,1790,2,-1
1343,85,98,1790,2,1
1344,85,98,1790,2,-1
1345,85,98,1790,2,-1
1346,85,98,1790,3,1
1347,85,98,1790,3,1
1348,85,98,1790,3,1
1349,85,98,1790,3,-1
1350,85,98,1790,3,-1
1351,85,98,1790,3,-1
1352,95,103,2020,2,-1
1353,95,103,2020,2,-1
1354,95,103,2020,2,-1
1355,95,103,2020,2,1
1356,95,103,2020,2,-1
1357,95,103,2020,2,1
1358,95,103,2020,2,1
1359,95,103,2020,2,1
1360,95,103,2020,2,1
1361,95,103,2020,3,1
1362,100,83,1830,2,1
1363,100,83,1830,2,1
1364,100,83,1830,3,1
1365,100,83,1830,3,1
1366,100,83,1830,3,1
1367,100,83,1830,3,1
1368,87.5,84,1740,2,1
1369,87.5,84,1740,2,-1
1370,87.5,84,1740,2,1
1371,87.5,84,1740,3,1
1372,87.5,84,1740,3,1
1373,87.5,84,1740,3,1
1374,87.5,84,1740,3,1
1375,87.5,84,1740,4,1
1376,92,98,1760,3,-1
1377,92,98,1760,3,1
1378,92,98,1760,3,1
1379,92,98,1760,2,-1
1380,90,112,2050,2,1
1381,90,94,1790,3,1
1382,90,99,1940,3,1
1383,90,93,1810,2,1
1384,90,106,1610,3,1
1385,90,90,1660,4,1
1386,90,82,1630,3,-1
1387,85,79,1380,3,1
1388,85,90,1710,3,1
1389,90,92,1710,3,1
1390,90,92,1630,3,1
1391,90,85,1840,3,1
1392,85,85,1600,3,-1
1393,80,58,1610,2,-1
1394,90,97,1910,2,-1
1395,87.5,91,1720,3,-1
1396,96,101,2020,2,1
1397,96,101,2020,2,1
1398,96,101,2020,2,-1
1399,96,101,2020,3,1
1400,96,101,2020,2,1
1401,96,101,2020,2,-1
1402,93,90,1900,2,-1
1403,93,90,1900,2,1
1404,93,90,1900,3,1
1405,93,90,1900,2,1
1406,93,90,1900,2,1
1407,93,90,1900,2,-1
1408,93,90,1900,2,1
1409,93,90,1900,3,1
1410,93,90,1900,3,1
1411,93,90,1900,3,1
1412,93,90,1900,3,1
1413,93,90,1900,3,-1
1414,93,90,1900,3,1
1415,91,94,1860,3,1
1416,91,94,1860,2,-1
1417,91,94,1860,3,-1
1418,91,94,1860,3,1
1419,88,92,2000,2,1
1420,88,92,2000,2,-1
1421,88,92,2000,3,1
1422,88,92,2000,3,1
1423,88,92,2000,3,1
1424,94,85,1560,3,1
1425,94,85,1560,3,1
1426,94,85,1560,3,-1
1427,94,85,1560,3,1
1428,94,85,1560,3,1
1429,94,85,1560,3,1
1430,94,85,1560,4,1
1431,94,85,1560,3,1
1432,94,84,1860,2,1
1433,94,84,1860,2,1
1434,94,84,1860,3,1
1435,94,84,1860,2,-1
1436,94,84,1860,3,1
1437,94,84,1860,2,-1
1438,94,84,1860,2,-1
1439,94,84,1860,3,1
1440,94,84,1860,3,1
1441,94,84,1860,4,1
1442,94,84,1860,4,1
1443,94,84,1860,3,-1
1444,94,84,1860,3,1
1445,81.6,105,2040,2,1
1446,92.5,102,1980,3,1
1447,92.5,102,1980,3,1
1448,92.5,102,1980,2,-1
1449,92.5,102,1980,2,1
1450,92.5,102,1980,3,-1
1451,92.5,86,1790,3,-1
1452,92.5,86,1790,2,-1
1453,92.5,86,1790,2,-1
1454,92.5,86,1790,4,1
1455,90,85,1840,3,1
1456,95,95,1890,3,1
1457,92,93,1810,3,1
1458,92,93,1810,3,1
1459,90,93,1830,2,1
1460,90,93,1830,3,-1
1461,90,93,1830,3,1
1462,90,93,1830,3,1
1463,90,93,1830,3,1
1464,89,74,1590,3,-1
1465,89,74,1590,2,-1
1466,89,74,1590,3,-1
1467,89,74,1590,4,1
1468,93,103,1970,2,1
1469,93,103,1970,2,1
1470,93,103,1970,2,-1
1471,93,103,1970,2,-1
1472,93,103,1970,2,-1
1473,93,103,1970,2,-1
1474,93,103,1970,2,-1
1475,90,91,1890,3,1
1476,90,91,1890,2,-1
1477,90,91,1890,2,1
1478,90,91,1890,3,1
1479,90,91,1890,3,-1
1480,100,103,2230,2,1
1481,100,103,2230,2,1
1482,100,103,2230,2,1
1483,100,103,2230,2,1
1484,100,103,2230,2,1
1485,94,110,1980,2,1
1486,94,110,1980,2,1
1487,94,110,1980,2,1
1488,95,100,2010,2,1
1489,94,93,1750,2,1
1490,94,94,1800,2,1
1491,90,89,1710,3,1
1492,94,100,2020,2,1
1493,94,104,2000,2,1
1494,94,100,2050,2,1
1495,94,110,1990,2,1
1496,92,95,1930,2,1
1497,86,102,1700,2,1
1498,96.62,109,2120,2,1
1499,96.62,109,2120,2,1
1500,96.62,109,2120,2,1
1501,96.62,109,2120,2,1
1502,93.54,103,2040,2,1
1503,93.54,103,2040,2,1
1504,93.54,103,2040,2,1
1505,93.54,103,2040,3,1
1506,93.54,103,2040,3,1
1507,93.54,103,2040,2,1
1508,93.04,110,2230,2,1
1509,93.04,110,2230,3,1
1510,93.04,110,2300,2,1
1511,93.04,110,2300,2,1
1512,93.04,110,2300,2,1
1513,93.04,110,2300,2,1
1514,93.04,110,2300,1,1
1515,93.04,110,2300,1,1
1516,93.04,110,2300,2,1
1517,93.04,110,2300,2,1
1518,93.04,110,2300,2,1
1519,91.94,105,2190,2,1
1520,91.94,105,2190,2,1
1521,91.94,105,2190,2,1
1522,94.2,87,1900,3,1
1523,94.2,87,1900,3,1
1524,94.2,87,1900,3,1
1525,93.68,90,1700,2,1
1526,93.68,90,1700,2,1
1527,93.68,90,1700,3,1
1528,82.5,100,1900,3,1
1529,82.5,100,1900,3,1
1530,82.5,100,1900,3,1
1531,82.5,100,1900,3,1
1532,85,97,1670,3,1
1533,85,97,1670,3,1
1534,90,95,2010,3,1
1535,90,101,1960,2,1
1536,89,102,2000,3,1
1537,89,96,1910,3,1
1538,90,80,1440,4,1
1539,90,93,2060,2,1
1540,90,84,1820,3,1
1541,90,98,1940,3,1
1542,85,94,1960,2,1
1543,90,85,1620,3,1
1544,90,102,1960,2,1
1545,89,82,1820,3,1
1546,88,87,1600,3,1
1547,90,90,1950,2,1
1548,90,90,1950,2,-1
1549,90,90,1950,2,-1
1550,90,90,1950,2,-1
1551,90,90,1950,3,1
1552,90,90,1950,3,1
1553,90,90,1950,2,-1
1554,90,90,1950,3,1
1555,90,90,1950,2,1
1556,90,90,1950,3,1
1557,90,90,1950,3,1
1558,95,106,2150,2,-1
1559,95,106,2150,2,-1
1560,95,106,2150,1,-1
1561,95,106,2150,2,-1
1562,95,106,2150,2,-1
1563,95,106,2150,2,1
1564,95,106,2150,2,-1
1565,95,106,2150,2,1
1566,90,92,1850,2,-1
1567,90,92,1850,2,1
1568,90,92,1850,2,-1
1569,90,92,1850,3,1
1570,90,92,1850,2,-1
1571,90,92,1850,2,-1
1572,90,92,1850,2,1
1573,90,92,1850,3,1
1574,90,91,1930,3,1
1575,90,91,1930,3,1
1576,90,91,1930,2,1
1577,90,91,1930,2,-1
1578,90,91,1930,2,-1
1579,90,91,1930,2,-1
1580,90,91,1930,2,-1
1581,90,91,1930,2,-1
1582,88,103,1990,2,1
1583,88,103,1990,2,-1
1584,88,103,1990,2,-1
1585,88,103,1990,2,-1
1586,90,110,2170,2,1
1587,90,110,2170,2,-1
1588,90,110,2170,2,1
1589,90,110,2170,1,-1
1590,90,90,1800,2,1
1591,90,90,1800,2,-1
1592,90,90,1800,3,1
1593,90,90,1800,3,1
1594,90,98,2060,2,1
1595,90,114,2190,2,1
1596,90,105,2160,2,1
1597,90,105,2160,2,1
1598,90,81,1640,3,1
1599,90,81,1640,3,1
1600,90,81,1640,3,1
1601,90,104,2060,2,1
1602,90,104,2060,2,1
1603,90,104,2060,2,1
1604,90,100,1980,2,1
1605,90,113,2210,2,1
1606,90,108,2200,2,1
1607,90,101,1900,2,1
1608,90,105,1950,2,1
1609,90,105,1950,3,1
1610,90,105,1950,2,1
1611,90,105,1950,2,1
1612,90,105,1950,3,1
1613,90,104,2010,3,1
1614,90,95,1800,2,1
1615,90,95,1800,3,1
1616,90,87,1810,2,-1
1617,90,87,1810,2,-1
1618,90,87,1810,2,-1
1619,90,87,1810,2,1
1620,90,87,1810,2,-1
1621,90,87,1810,2,1
1622,90,87,1810,3,-1
1623,90,87,1810,3,1
1624,90,87,1810,3,1
1625,90,101,2080,2,-1
1626,90,101,2080,2,-1
1627,90,101,2080,2,1
1628,90,101,2080,2,1
1629,90,101,2080,2,-1
1630,90,101,2080,2,1
1631,90,101,2080,2,1
1632,90,101,2080,2,1
1633,90,101,2080,3,1
1634,90,101,2080,2,-1
1635,90,101,2080,3,1
1636,90,74,1640,2,1
1637,90,74,1640,3,-1
1638,97,105,1990,2,-1
1639,90,100,1870,2,1
1640,90.66,84,1500,3,1
1641,87,72,1630,2,1
1642,87,84,1590,3,1
1643,95.7,102,2060,2,-1
1644,90,81,1710,3,1
1645,93,84,1620,3,1
1646,89,81,1400,3,1
1647,88,83,1650,2,-1
1648,94,91,1830,2,-1
1649,87.2,85,1760,3,1
1650,87.2,85,1760,3,-1
1651,87.2,85,1760,2,-1
1652,87.2,85,1760,3,-1
1653,86.65,81,1610,3,1
1654,86.65,81,1610,3,1
1655,86.65,81,1610,3,1
1656,86.65,81,1610,4,1
1657,90.2,82,1780,3,1
1658,90.2,82,1780,3,1
1659,90.2,82,1780,3,-1
1660,90.2,82,1780,3,1
1661,90.2,82,1780,3,-1
1662,90.2,82,1780,2,-1
1663,90.2,82,1780,3,1
1664,89.7,89,1680,3,1
1665,89.7,89,1680,3,1
1666,89.7,89,1680,3,1
1667,89.7,89,1680,3,1
1668,89.7,89,1680,3,-1
1669,89.7,89,1680,2,-1
1670,92.4,99,1790,3,1
1671,92.4,99,1790,2,1
1672,92.4,99,1790,3,1
1673,92.4,99,1790,2,1
1674,92.4,99,1790,2,1
1675,92.4,99,1790,3,1
1676,92.4,99,1790,2,1
1677,92.4,99,1790,3,1
1678,91,90,1880,3,1
1679,91,90,1880,2,-1
1680,91,90,1880,2,-1
1681,91,90,1880,3,1
1682,91,90,1880,2,-1
1683,91,90,1880,2,-1
1684,91,88,1690,3,1
1685,91,88,1690,3,-1
1686,91,88,1690,3,1
1687,91,88,1690,3,1
1688,91,88,1690,3,-1
1689,91,88,1690,4,1
1690,86.35,91,1651,2,-1
1691,86.35,91,1651,3,1
1692,86.35,91,1651,3,-1
1693,86.35,91,1651,3,-1
1694,86.35,91,1651,3,-1
1695,86.35,91,1651,3,1
1696,94,97,1920,2,-1
1697,94,97,1920,2,-1
1698,94,97,1920,3,-1
1699,94,97,1920,3,1
1700,94,97,1920,2,1
1701,94,97,1920,2,1
1702,94,97,1920,2,-1
1703,92,96,1510,2,1
1704,92,96,1510,2,-1
1705,92,96,1510,3,-1
1706,92,96,1510,3,1
1707,92,96,1510,3,1
1708,92,96,1510,3,1
1709,88.3,91,1610,3,1
1710,88.3,91,1610,3,1
1711,88.3,91,1610,3,1
1712,88.3,91,1610,3,1
1713,87.2,91,1530,2,-1
1714,87.2,91,1530,2,1
1715,87.2,91,1530,3,-1
1716,87.2,91,1530,3,1
1717,87.2,91,1530,3,1
1718,87.2,91,1530,4,1
1719,91.3,97,2050,2,-1
1720,91.3,97,2050,2,1
1721,91.3,97,2050,2,1
1722,91.3,97,2050,3,-1
1723,86.8,100,2000,2,-1
1724,86.8,100,2000,2,-1
1725,86.8,100,2000,3,1
1726,86.8,100,2000,3,1
1727,86.8,100,2000,3,1
1728,93.02,100,1970,3,1
1729,93.02,100,1970,3,1
1730,93.02,100,1970,3,1
1731,92,100,1910,2,1
1732,92,100,1910,2,1
1733,92,100,1910,2,1
1734,92,100,1910,2,1
1735,92,100,1910,2,-1
1736,92,99,2010,2,1
1737,92,99,2010,2,1
1738,92,99,2010,3,1
1739,92,99,2010,2,-1
1740,92,99,2010,2,-1
1741,91,105,1830,2,1
1742,91,105,1830,2,1
1743,91,105,1830,3,1
1744,91,105,1830,2,-1
1745,91,105,1830,2,-1
1746,91,105,1830,2,-1
1747,93,104,1930,2,1
1748,93,104,1930,3,1
1749,93,104,1930,3,1
1750,93,104,1930,3,1
1751,93,104,1930,2,1
1752,93,104,1930,2,-1
1753,93,104,1930,2,-1
1754,92,104,2160,2,1
1755,92,104,2160,2,1
1756,92,104,2160,3,1
1757,92,104,2160,3,1
1758,92,104,2160,2,-1
1759,92,104,2160,2,-1
1760,92,104,2160,2,-1
1761,92,104,2160,2,-1
1762,92,104,2160,2,-1
1763,91,109,2070,2,1
1764,91,109,2070,2,1
1765,91,109,2070,2,1
1766,91,109,2070,2,-1
1767,91,109,2070,2,-1
1768,91,109,2070,2,-1
1769,91,109,2070,2,-1
1770,91,109,2070,2,-1
1771,91,109,2070,2,-1
1772,93,103,2070,2,1
1773,93,103,2070,3,1
1774,93,103,2070,2,-1
1775,93,103,2070,2,-1
1776,93,103,2070,2,-1
1777,90,90,1760,3,1
1778,90,90,1760,3,1
1779,90,90,1760,3,1
1780,90,90,1760,3,1
1781,90,90,1760,3,1
1782,90,90,1760,3,-1
1783,90,90,1760,2,-1
1784,91,105,1510,2,1
1785,91,105,1510,2,-1
1786,91,105,1510,3,-1
1787,91,105,1510,3,-1
1788,90,90,1900,3,1
1789,90,90,1900,3,1
1790,90,90,1900,2,-1
1791,92.5,79,1620,3,-1
1792,92.5,79,1620,3,-1
1793,92.5,79,1620,3,-1
1794,95,99,1790,3,1
1795,95,99,1790,3,1
1796,95,99,1790,2,-1
1797,95,99,1790,2,-1
1798,95,103,2000,2,-1
1799,95,103,2000,2,-1
1800,95,103,2000,2,-1
1801,95,103,2000,2,-1
1802,95,103,2000,3,1
1803,94,84,1610,3,1
1804,94,84,1610,3,1
1805,94,84,1610,3,1
1806,92,97,1880,2,1
1807,92,97,1880,2,1
1808,92,97,1880,3,1
1809,92,97,1880,3,1
1810,92,97,1880,3,1
1811,92,97,1880,2,-1
1812,92,97,1880,2,-1
1813,92,97,1880,2,-1
1814,90,85,1640,3,1
1815,90,85,1640,2,-1
1816,90,85,1640,3,1
1817,90,85,1640,3,1
1818,90,85,1640,3,-1
1819,89,90,1820,3,1
1820,89,90,1820,3,1
1821,89,90,1820,3,1
1822,89,90,1820,3,-1
1823,89,90,1820,2,-1
1824,89,90,1820,2,-1
1825,89,90,1820,3,-1
1826,100,107,2100,2,1
1827,100,107,2100,2,-1
1828,100,107,2100,2,1
1829,100,107,2100,2,-1
1830,100,107,2100,2,-1
1831,100,107,2100,2,-1
1832,100,107,2100,2,-1
1833,100,107,2100,2,-1
1834,92,101,2010,2,1
1835,92,101,2010,2,1
1836,92,101,2010,2,1
1837,92,101,2010,2,1
1838,92,101,2010,3,1
1839,92,101,2010,2,-1
1840,92,101,2010,2,-1
1841,92,101,2010,2,-1
1842,91,91,1750,3,1
1843,91,91,1750,3,-1
1844,91,91,1750,3,-1
1845,91,91,1750,3,-1
1846,91,91,1750,3,-1
1847,91,91,1750,3,-1
1848,89,101,1830,2,-1
1849,89,101,1830,2,-1
1850,89,101,1830,2,1
1851,89,101,1830,2,1
1852,89,101,1830,3,1
1853,89,98,2010,2,-1
1854,89,98,2010,2,-1
1855,89,98,2010,2,1
1856,89,98,2010,2,-1
1857,89,98,2010,2,1
1858,89,98,2010,2,-1
1859,89,98,2010,2,-1
1860,89,98,2010,2,1
1861,89,98,2010,2,-1
1862,89,98,2010,2,-1
1863,89,98,2010,3,1
1864,94,94,1880,2,-1
1865,94,94,1880,3,1
1866,94,94,1880,3,1
1867,92,93,1420,2,-1
1868,92,93,1420,2,-1
1869,92,93,1420,2,-1
1870,92,93,1420,2,-1
1871,92,93,1420,3,1
1872,92,93,1420,3,1
1873,85,80,1620,3,1
1874,85,80,1620,3,1
1875,85,80,1620,3,-1
1876,85,73,1750,3,1
1877,85,73,1750,4,1
1878,85,73,1750,4,1
1879,85,73,1750,3,-1
1880,90,84,1770,2,-1
1881,90,84,1770,2,-1
1882,90,84,1770,2,-1
1883,90,84,1770,3,1
1884,90,84,1770,3,1
1885,90,84,1770,3,1
1886,87,85,1730,2,-1
1887,87,85,1730,2,1
1888,87,85,1730,3,1
1889,87,85,1730,3,1
1890,87,85,1730,3,1
1891,87,85,1730,3,-1
1892,87,85,1730,2,-1
1893,87,85,1730,3,1
1894,87,85,1730,3,1
1895,87,85,1730,2,-1
1896,85,96,2040,2,-1
1897,85,96,2040,1,1
1898,85,96,2040,2,-1
1899,85,96,2040,2,-1
1900,85,96,2040,3,1
1901,85,96,2040,3,1
1902,85,96,2040,3,-1
1903,85,96,2040,3,1
1904,90,73,1780,3,1
1905,90,73,1780,3,-1
1906,90,73,1780,3,1
1907,90,73,1780,4,1
1908,90,68,1780,3,1
1909,90,68,1780,3,-1
1910,90,68,1780,4,1
1911,85,87,1590,2,-1
1912,85,87,1590,2,-1
1913,85,87,1590,2,-1
1914,85,87,1590,2,-1
1915,85,87,1590,2,-1
1916,85,87,1590,3,-1
1917,85,87,1590,3,1
1918,85,87,1590,4,1
1919,83,78,1590,2,-1
1920,85,103,1800,3,-1
1921,85,103,1800,2,1
1922,85,103,1800,2,-1
1923,85,103,1800,2,-1
1924,85,103,1800,2,-1
1925,85,103,1800,2,-1
1926,85,103,1800,2,-1
1927,92,105,2000,2,-1
1928,92,105,2000,2,1
1929,92,105,2000,1,-1
1930,92,105,2000,1,1
1931,92,105,2000,3,1
1932,90,90,1590,2,-1
1933,90,90,1590,2,-1
1934,90,90,1590,2,-1
1935,90,90,1590,2,-1
1936,90,90,1590,3,1
1937,80,91,1670,3,1
1938,80,91,1670,3,1
1939,80,91,1670,3,1
1940,93,72,1500,3,-1
1941,93,72,1500,3,-1
1942,93,72,1500,4,1
1943,93,72,1500,3,-1
1944,93,74,1450,3,-1
1945,93,74,1450,3,-1
1946,97.5,106,1980,2,1
1947,97.5,106,1980,2,-1
1948,97.5,106,1980,2,-1
1949,97.5,106,1980,2,-1
1950,97.5,106,1980,2,-1
1951,97.5,116,2120,2,1
1952,97.5,116,2120,1,-1
1953,97.5,116,2120,2,-1
1954,97.5,116,2120,2,-1
1955,97.5,116,2120,2,-1
1956,97.5,107,1900,2,1
1957,97.5,107,1900,2,-1
1958,97.5,107,1900,2,-1
1959,97.5,107,1900,2,-1
1960,97.5,107,1900,2,-1
1961,97.5,107,1900,2,-1
1962,97.5,102,2040,2,1
1963,97.5,102,2040,2,-1
1964,97.5,102,2040,2,-1
1965,97.5,102,2040,2,-1
1966,97.5,90,1830,2,1
1967,97.5,90,1830,2,-1
1968,97.5,90,1830,2,-1
1969,97.5,98,1870,2,1
1970,97.5,98,1870,2,-1
1971,97.5,86,1850,3,1
1972,97.5,86,1850,2,-1
1973,97.5,86,1850,2,-1
1974,97.5,86,1850,3,-1
1975,97.5,98,1570,2,1
1976,97.5,98,1570,3,-1
1977,97.5,87,1670,3,1
1978,97.5,87,1670,2,-1
1979,97.5,90,1810,2,1
1980,97.5,90,1810,2,1
1981,97.5,90,1810,3,1
1982,97.5,90,1810,3,1
1983,97.5,90,1810,3,1
1984,97.5,90,1810,3,1
1985,97.5,90,1810,3,1
1986,97.5,90,1810,3,1
1987,97.5,90,1810,2,-1
1988,97.5,90,1810,3,-1
1989,97.5,90,1810,3,1
1990,93,100,1800,2,1
1991,93,100,1800,2,-1
1992,93,100,1800,2,-1
1993,93,100,1800,2,-1
1994,93,100,1800,2,-1
1995,93,100,1800,2,1
1996,90,95,1820,2,1
1997,90,95,1820,2,-1
1998,90,95,1820,2,-1
1999,90,95,1820,2,-1
2000,96,96,1800,2,1
2001,96,96,1800,2,1
2002,96,96,1800,2,-1
2003,96,96,1800,2,-1
2004,94,101,1840,2,1
2005,94,101,1840,2,-1
2006,94,101,1840,2,-1
2007,94,101,1840,2,1
2008,94,101,1840,2,1
2009,94,101,1840,2,1
2010,94,101,1840,2,-1
2011,94,101,1840,2,-1
2012,94,101,1840,2,-1
2013,100,101,1960,2,-1
2014,100,101,1960,2,1
2015,100,101,1960,2,-1
2016,100,101,1960,2,1
2017,100,101,1960,2,-1
2018,100,101,1960,2,1
2019,86,90,1670,2,1
2020,86,90,1670,2,-1
2021,86,90,1670,2,-1
2022,90,97,1910,2,1
2023,90,97,1910,2,1
2024,90,97,1910,2,1
2025,90,97,1910,2,-1
2026,90,97,1910,2,-1
2027,93,95,1750,2,1
2028,93,95,1750,2,1
2029,93,95,1750,2,-1
2030,93,90,1720,2,1
2031,93,90,1720,2,1
2032,93,90,1720,2,1
2033,93,90,1720,2,-1
2034,93,90,1720,2,-1
2035,93,90,1720,2,-1
2036,87.5,103,1910,2,1
2037,87.5,103,1910,2,1
2038,87.5,103,1910,2,-1
2039,87.5,103,1910,2,-1
2040,93,92,1770,2,1
2041,93,92,1770,2,-1
2042,93,92,1770,3,1
2043,93,92,1770,3,1
2044,93,92,1770,3,-1
2045,93,92,1770,3,-1
2046,93,92,1770,3,1
2047,93,92,1770,3,1
2048,95,98,1850,2,-1
2049,95,98,1850,2,-1
2050,95,98,1850,2,1
2051,95,98,1850,2,1
2052,95,98,1850,3,1
2053,95,98,1850,3,1
2054,94,86,1750,2,-1
2055,94,86,1750,3,1
2056,94,86,1750,3,1
2057,94,86,1750,3,1
2058,94,86,1750,3,1
2059,94,86,1750,3,1
2060,94,86,1750,3,1
2061,95,84,1630,3,1
2062,95,84,1630,3,1
2063,95,84,1630,2,-1
2064,96,85,1660,3,-1
2065,96,85,1660,3,1
2066,90,91,1840,3,1
2067,90,91,1840,2,-1
2068,90,91,1840,2,-1
2069,90,91,1840,3,1
2070,90,81,1840,3,1
2071,90,81,1840,3,1
2072,90,81,1840,3,1
2073,90,94,1850,2,-1
2074,90,94,1850,2,1
2075,90,94,1850,2,1
2076,90,94,1850,2,-1
2077,90,94,1850,2,-1
2078,95,103,1930,2,-1
2079,95,103,1930,2,-1
2080,95,103,1930,2,-1
2081,95,103,1930,2,-1
2082,95,103,1930,2,1
2083,95,103,1930,2,1
2084,95,94,1860,2,-1
2085,95,94,1860,3,1
2086,95,94,1860,3,1
2087,95,94,1860,3,1
2088,95,96,1880,3,1
2089,95,96,1880,2,1
2090,91,78,1610,3,1
2091,92,98,1760,2,1
2092,94,87,1780,3,1
2093,93,79,1750,3,1
2094,91,90,1920,3,1
2095,91,78,1670,3,1
2096,93,89,1710,3,1
2097,93,89,1710,3,1
2098,93,89,1710,3,1
2099,93,89,1710,3,1
2100,87,97,1790,2,1
2101,87,97,1790,3,1
2102,87,97,1790,3,1
2103,87,97,1790,3,1
2104,87,97,1790,3,1
2105,95,92,1960,2,1
2106,95,92,1960,3,1
2107,95,92,1960,3,1
2108,95,92,1960,3,1
2109,97,96,2050,2,-1
2110,97,96,2050,2,1
2111,97,96,2050,2,-1
2112,97,96,2050,2,1
2113,97,96,2050,2,1
2114,97,96,2050,2,1
2115,97,96,2050,3,1
2116,95,98,1920,3,-1
2117,95,98,1920,2,-1
2118,95,98,1920,2,-1
2119,95,98,1920,2,1
2120,95,98,1920,2,-1
2121,95,98,1920,2,1
2122,95,98,1920,2,-1
2123,95,98,1920,3,1
2124,95,98,1920,2,1
2125,95,98,1920,3,1
2126,95,102,1880,1,1
2127,95,102,1880,1,1
2128,95,102,1880,2,1
2129,95,102,1880,2,-1
2130,95,102,1880,2,-1
2131,95,102,1880,2,-1
2132,95,102,1880,3,1
2133,95,102,1880,3,1
2134,92,91,2050,3,1
2135,92,91,2050,3,1
2136,92,91,2050,3,-1
2137,92,91,2050,3,1
2138,95,97,1780,2,1
2139,95,97,1780,2,1
2140,95,97,1780,3,1
2141,95,97,1780,3,-1
2142,95,97,1780,3,-1
2143,95,97,1780,3,1
2144,95,97,1780,3,1
2145,95,97,1780,3,1
2146,95,97,1780,3,1
2147,88,100,1600,2,-1
2148,88,100,1600,2,-1
2149,88,100,1600,3,-1
2150,88,100,1600,3,1
2151,88,100,1600,4,1
2152,90,73,1640,3,1
2153,90,73,1640,3,1
2154,90,73,1640,3,1
2155,90,73,1640,4,1
2156,90,73,1640,4,1
2157,90,73,1640,4,1
2158,90,73,1640,4,1
2159,90,83,1750,3,-1
2160,90,83,1750,3,1
2161,90,83,1750,3,1
2162,90,83,1750,3,1
2163,90,83,1750,4,1
2164,90,59,1750,3,1
2165,95,86,1900,2,1
2166,95,86,1900,2,-1
2167,95,86,1900,3,1
2168,95,86,1900,3,1
2169,95,86,1900,3,1
2170,95,83,1760,3,1
2171,95,83,1760,3,-1
2172,95,83,1760,3,1
2173,95,83,1760,3,1
2174,95,83,1760,3,1
2175,90,83,1760,3,1
2176,90,83,1760,3,1
2177,90,83,1760,3,1
2178,90,83,1760,4,1
2179,90,83,1760,4,1
2180,87.5,88,1760,3,1
2181,87.5,88,1760,3,1
2182,93,105,2050,2,1
2183,93,108,2030,2,1
2184,93,88,1860,2,1
2185,93,99,2050,2,1
2186,93,96,1870,2,1
2187,93,98,1960,2,1
2188,93,102,1750,2,1
2189,93,84,1510,3,1
2190,93,84,1730,3,1
2191,93,87,1320,3,1
2192,93,78,1320,3,1
2193,93,77,1400,3,1
2194,93,81,1150,3,1
2195,93,92,1150,3,1
2196,93,85,1380,3,1
2197,93,105,2050,1,1
2198,85,93,2040,2,1
2199,85,93,2040,2,-1
2200,85,93,2040,2,-1
2201,85,93,2040,3,1
2202,85,93,2040,3,1
2203,85,93,2040,3,1
2204,84,82,1790,2,-1
2205,84,82,1790,3,1
2206,84,82,1790,4,1
2207,84,82,1790,4,1
2208,84,82,1790,4,1
2209,84,82,1790,3,-1
2210,80,88,1730,3,-1
2211,80,88,1730,2,-1
2212,80,88,1730,3,1
2213,80,88,1730,3,1
2214,89,93,1710,3,1
2215,89,93,1710,2,1
2216,89,93,1710,3,-1
2217,89,93,1710,3,1
2218,89,93,1710,4,1
2219,89,93,1710,4,1
2220,84,82,1800,3,1
2221,82,79,1800,4,-1
2222,82,79,1800,4,-1
2223,82,79,1800,4,1
2224,82,79,1800,4,1
2225,87,97,1730,3,-1
2226,87,97,1730,3,1
2227,87,94,1790,2,1
2228,87,94,1790,2,-1
2229,87,94,1790,2,1
2230,87,94,1790,3,1
2231,87,94,1790,3,1
2232,87,94,1790,3,1
2233,87,94,1790,3,1
2234,88,82,1580,3,1
2235,88,82,1580,4,1
2236,88,82,1580,3,1
2237,88,82,1580,3,1
2238,88,82,1580,3,1
2239,88,82,1580,4,1
2240,94.25,90,1740,2,-1
2241,94.25,90,1740,3,1
2242,94.25,90,1740,3,1
2243,94.25,90,1740,4,1
2244,87,87,1640,2,-1
2245,87,87,1640,3,1
2246,87,87,1640,3,1
2247,87,87,1640,3,1
2248,87,87,1640,3,1
2249,90,86,1740,3,1
2250,90,86,1740,3,-1
2251,90,86,1740,3,1
2252,90,86,1740,3,1
2253,90,86,1740,3,1
2254,90,86,1740,3,1
2255,90,86,1740,4,1
2256,86.9,34,1740,4,1
2257,86.9,34,1740,4,1
2258,86.9,34,1740,4,1
2259,83.6,50,1740,2,1
2260,84.6,51,1740,2,1
2261,78.13,85,1610,2,-1
2262,79.13,85,1610,3,-1
2263,80.13,85,1610,3,-1
2264,81.13,85,1610,3,-1
2265,82.13,85,1610,3,-1
2266,83.13,85,1610,4,-1
2267,84.13,85,1610,1,-1
2268,85.13,85,1610,1,1
2269,85,59,1610,4,1
2270,85,78,1600,3,1
2271,85,78,1600,4,1
2272,85,78,1600,3,1
2273,85,78,1600,1,1
2274,85,78,1600,3,-1
2275,85,78,1600,3,-1
2276,89,96,1920,2,1
2277,89,96,1920,2,-1
2278,89,96,1920,2,-1
2279,89,96,1920,2,-1
2280,89,96,1920,3,1
2281,89,96,1920,2,1
2282,89,96,1920,3,1
2283,88,90,1880,2,1
2284,88,90,1880,2,-1
2285,88,90,1880,2,-1
2286,88,90,1880,3,1
2287,88,90,1880,3,1
2288,88,90,1880,2,-1
2289,86,82,1760,3,1
2290,86,82,1760,3,1
2291,86,82,1760,3,-1
2292,86,82,1760,2,-1
2293,86,82,1760,3,1
2294,86,82,1760,3,1
2295,50,101,1630,3,1
2296,82.5,107,2170,2,1
2297,82.5,107,2170,2,-1
2298,82.5,107,2170,2,-1
2299,82.5,107,2170,2,1
2300,82.5,107,2170,2,1
2301,82.5,107,2170,2,-1
2302,82.5,107,2170,2,-1
2303,82.5,107,2170,2,1
2304,80,101,1880,2,1
2305,80,101,1880,3,1
2306,80,101,1880,2,-1
2307,80,101,1880,2,-1
2308,80,101,1880,2,-1
2309,80,101,1880,3,-1
2310,80,101,1880,2,-1
2311,81.75,82,1600,2,1
2312,81.75,82,1600,3,1
2313,81.75,82,1600,3,1
2314,81.75,82,1600,3,1
2315,81.75,82,1600,3,1
2316,81.75,82,1600,3,-1
2317,81.75,82,1600,2,-1
2318,91,106,2150,2,1
2319,91,106,2150,2,-1
2320,91,106,2150,1,-1
2321,91,106,2150,1,-1
2322,91,106,2150,1,-1
2323,91,106,2150,2,-1
2324,90.43,102,1880,2,1
2325,90.43,102,1880,2,1
2326,90.43,102,1880,3,1
2327,90.43,102,1880,2,1
2328,90.43,102,1880,3,1
2329,90.43,102,1880,3,1
2330,86,84,1710,3,1
2331,86,84,1710,3,1
2332,86,84,1710,3,1
2333,86,84,1710,3,-1
2334,89.5,111,2200,2,1
2335,89.5,111,2200,2,1
2336,89.5,111,2200,2,-1
2337,89.5,111,2200,2,1
2338,89.5,111,2200,2,-1
2339,90,106,2180,2,1
2340,90,106,2180,2,-1
2341,90,106,2180,2,1
2342,90,106,2180,2,1
2343,90,106,2180,2,1
2344,90,106,2180,2,1
2345,90,106,2180,2,-1
2346,90,106,2180,2,-1
2347,90,107,2080,2,1
2348,90,107,2080,2,-1
2349,90,107,2080,2,-1
2350,90,107,2080,2,1
2351,90,107,2080,2,1
2352,90,107,2080,2,1
2353,90,107,2080,2,1
2354,90,107,2080,2,1
2355,90,107,2080,2,1
2356,90,107,2080,2,-1
2357,95,111,2350,2,1
2358,95,111,2350,2,1
2359,95,111,2350,2,1
2360,95,111,2350,2,1
2361,95,111,2350,2,1
2362,95,111,2350,2,-1
2363,95,111,2350,2,-1
2364,95,111,2350,1,-1
2365,95,111,2350,1,-1
2366,90,100,1940,2,1
2367,90,100,1940,2,-1
2368,90,100,1940,3,1
2369,90,100,1940,2,-1
2370,90,100,1940,2,1
2371,90,100,1940,3,-1
2372,89,110,2050,2,1
2373,89,110,2050,3,1
2374,89,110,2050,2,-1
2375,89,110,2050,2,-1
2376,89,110,2050,2,-1
2377,89,110,2050,2,-1
2378,89,110,2050,2,-1
2379,89,110,2050,2,-1
2380,89,110,2050,2,-1
2381,89,110,2050,2,-1
2382,90,88,1910,2,1
2383,90,88,1910,2,-1
2384,90,88,1910,2,1
2385,90,88,1910,2,1
2386,90,88,1910,2,-1
2387,90,88,1910,2,-1
2388,90,88,1910,3,1
2389,90,88,1910,3,1
2390,90,88,1910,2,-1
2391,90,88,1910,2,-1
2392,84,81,1810,3,1
